<?xml version="1.0" encoding="UTF-8"?>
<project-private xmlns="http://www.netbeans.org/ns/project-private/1">
    <editor-bookmarks xmlns="http://www.netbeans.org/ns/editor-bookmarks/2" lastBookmarkId="0"/>
    <open-files xmlns="http://www.netbeans.org/ns/projectui-open-files/2">
        <group>
            <file>file:/C:/Users/Admin/Desktop/iTBS/iTBS%20prog/iTBS/public_html/script.js</file>
            <file>file:/C:/Users/Admin/Desktop/iTBS/iTBS%20prog/iTBS/public_html/itbs_student.html</file>
            <file>file:/C:/Users/Admin/Desktop/iTBS/iTBS%20prog/iTBS/public_html/student_portal.js</file>
            <file>file:/C:/Users/Admin/Desktop/iTBS/iTBS%20prog/iTBS/public_html/itbs-welcomepage.html</file>
            <file>file:/C:/Users/Admin/Desktop/iTBS/iTBS%20prog/iTBS/public_html/book_tutorials.html</file>
            <file>file:/C:/Users/Admin/Desktop/iTBS/iTBS%20prog/iTBS/public_html/student_portal.css</file>
            <file>file:/C:/Users/Admin/Desktop/iTBS/iTBS%20prog/iTBS/public_html/style.css</file>
            <file>file:/C:/Users/Admin/Desktop/iTBS/iTBS%20prog/iTBS/public_html/book_tutorials.css</file>
            <file>file:/C:/Users/Admin/Desktop/iTBS/iTBS%20prog/iTBS/public_html/itbs_login.html</file>
            <file>file:/C:/Users/Admin/Desktop/iTBS/iTBS%20prog/iTBS/public_html/student_portal.html</file>
            <file>file:/C:/Users/Admin/Desktop/iTBS/iTBS%20prog/iTBS/public_html/itbs_student.css</file>
            <file>file:/C:/Users/Admin/Desktop/iTBS/iTBS%20prog/iTBS/public_html/WelcomePage.html</file>
        </group>
    </open-files>
</project-private>
